,0,1,2,3,0 confidents,1 confidents,2 confidents,3 confidents
0,[ 1 41],[41 49],[49 81],[81  2],0.218558,0.449031,0.373614102602005,0.9966558218002319
1,[ 1 49],[49 41],[41 78],[78  2],0.365764,0.441159,0.20853613317012787,0.99685138463974
2,,,[41 81],[81  2],,,0.2722921371459961,0.9969832301139832
